fileId1,fileId2,similarity
97,39,73.6094674556213
203,82,96.94072657743786
