fileId1,fileId2,similarity
485,485,98.67517173699706
458,458,98.06678383128296
289,289,100.0
477,477,89.22413793103449
449,449,100.0
