fileId1,fileId2,similarity
485,485,98.67517173699706
458,458,98.06678383128296
289,289,100.0
477,477,89.22413793103449
441,441,85.94847775175644
480,480,72.45762711864407
387,387,83.41463414634146
428,428,76.20192307692307
441,441,72.72727272727273
441,441,70.78384798099762
428,428,72.30392156862744
482,482,70.4156479217604
393,393,78.63013698630137
449,449,100.0
