fileId1,fileId2,similarity
485,485,98.67517173699706
458,458,98.06678383128296
289,289,100.0
449,449,100.0
