fileId1,fileId2,similarity
485,130,98.4567901234568
461,365,98.44290657439446
290,245,100.0
448,405,100.0
