fileId1,fileId2,similarity
485,130,98.4567901234568
461,365,98.44290657439446
475,397,95.04950495049505
290,245,100.0
444,428,87.85871964679912
481,356,79.55465587044534
384,375,85.81395348837209
428,384,82.5287356321839
428,375,78.85057471264368
395,342,85.67567567567568
390,360,79.59183673469387
448,405,100.0
