fileId1,fileId2,similarity
246,196,97.30290456431536
401,372,98.72773536895674
579,82,100.0
