fileId1,fileId2,similarity
387,198,89.78494623655914
211,89,88.80994671403198
246,196,97.30290456431536
221,117,89.8876404494382
401,372,98.72773536895674
308,149,93.12039312039312
579,82,100.0
272,11,88.62433862433863
166,78,91.15646258503402
