fileId1,fileId2,similarity
774,575,98.58457183297948
1057,497,96.06903163950143
1057,483,96.14643545279384
1057,811,96.22823984526111
1057,249,96.10894941634241
838,727,100.0
1145,727,100.0
1145,838,100.0
1219,961,100.0
1177,801,100.0
813,733,100.0
892,733,100.0
892,813,100.0
