fileId1,fileId2,similarity
1032,662,100.0
248,58,98.59719438877755
972,403,94.86166007905138
1054,1022,100.0
1121,1004,95.0199203187251
1004,945,90.60000000000001
879,708,100.0
1121,826,90.7070707070707
1183,277,91.17043121149896
819,765,92.24318658280922
1183,1166,90.625
790,191,93.79157427937915
602,499,93.83561643835617
732,416,100.0
494,219,100.0
1152,453,100.0
119,96,100.0
771,96,100.0
771,119,100.0
